{
    "name": "root",
    "metadata": {
        "timer_format_version": "0.1.0",
        "start_time_seconds": "1763984005",
        "python_version": "3.10.12 | packaged by Anaconda, Inc. | (main, Jul  5 2023, 19:01:18) [MSC v.1916 64 bit (AMD64)]",
        "command_line_arguments": "D:\\conda_envs\\mlagents_4\\Scripts\\mlagents-learn trainer_config.yaml --run-id=PPUV_YOLOv8_Train2 --results-dir=results",
        "mlagents_version": "1.2.0.dev0",
        "mlagents_envs_version": "1.2.0.dev0",
        "communication_protocol_version": "1.5.0",
        "pytorch_version": "2.8.0+cpu",
        "numpy_version": "1.23.5",
        "end_time_seconds": "1763984080"
    },
    "total": 75.14746039999955,
    "count": 1,
    "self": 10.015192599999864,
    "children": {
        "run_training.setup": {
            "total": 0.06697379999968689,
            "count": 1,
            "self": 0.06697379999968689
        },
        "TrainerController.start_learning": {
            "total": 65.065294,
            "count": 1,
            "self": 0.00814159999936237,
            "children": {
                "TrainerController._reset_env": {
                    "total": 9.822827699999834,
                    "count": 1,
                    "self": 9.822827699999834
                },
                "TrainerController.advance": {
                    "total": 55.035096199999316,
                    "count": 1,
                    "self": 1.6399999367422424e-05,
                    "children": {
                        "env_step": {
                            "total": 55.03507979999995,
                            "count": 1,
                            "self": 55.035058999998,
                            "children": {
                                "SubprocessEnvManager._take_step": {
                                    "total": 2.0800001948373392e-05,
                                    "count": 2,
                                    "self": 2.0800001948373392e-05
                                }
                            }
                        }
                    }
                },
                "trainer_threads": {
                    "total": 1.950000114447903e-05,
                    "count": 1,
                    "self": 1.950000114447903e-05,
                    "children": {
                        "thread_root": {
                            "total": 0.0,
                            "count": 0,
                            "is_parallel": true,
                            "self": 0.0,
                            "children": {
                                "trainer_advance": {
                                    "total": 54.954107399962595,
                                    "count": 3543,
                                    "is_parallel": true,
                                    "self": 0.18166459989697614,
                                    "children": {
                                        "process_trajectory": {
                                            "total": 54.77244280006562,
                                            "count": 3543,
                                            "is_parallel": true,
                                            "self": 54.77244280006562
                                        }
                                    }
                                }
                            }
                        }
                    }
                },
                "TrainerController._save_models": {
                    "total": 0.19920900000033726,
                    "count": 1,
                    "self": 0.033680299999105046,
                    "children": {
                        "RLTrainer._checkpoint": {
                            "total": 0.1655287000012322,
                            "count": 1,
                            "self": 0.1655287000012322
                        }
                    }
                }
            }
        }
    }
}