{
    "name": "root",
    "metadata": {
        "timer_format_version": "0.1.0",
        "start_time_seconds": "1763983604",
        "python_version": "3.10.12 | packaged by Anaconda, Inc. | (main, Jul  5 2023, 19:01:18) [MSC v.1916 64 bit (AMD64)]",
        "command_line_arguments": "D:\\conda_envs\\mlagents_4\\Scripts\\mlagents-learn trainer_config.yaml --run-id=PPUV_YOLOv8_Train1 --results-dir=results",
        "mlagents_version": "1.2.0.dev0",
        "mlagents_envs_version": "1.2.0.dev0",
        "communication_protocol_version": "1.5.0",
        "pytorch_version": "2.8.0+cpu",
        "numpy_version": "1.23.5",
        "end_time_seconds": "1763983795"
    },
    "total": 190.40157459999864,
    "count": 1,
    "self": 0.011527899998327484,
    "children": {
        "run_training.setup": {
            "total": 0.11123020000013639,
            "count": 1,
            "self": 0.11123020000013639
        },
        "TrainerController.start_learning": {
            "total": 190.27881650000018,
            "count": 1,
            "self": 0.008309200002258876,
            "children": {
                "TrainerController._reset_env": {
                    "total": 12.076832900000227,
                    "count": 1,
                    "self": 12.076832900000227
                },
                "TrainerController.advance": {
                    "total": 177.7806060999992,
                    "count": 1,
                    "self": 5.109999983687885e-05,
                    "children": {
                        "env_step": {
                            "total": 177.78055499999937,
                            "count": 1,
                            "self": 177.78053589999763,
                            "children": {
                                "SubprocessEnvManager._take_step": {
                                    "total": 1.9100001736660488e-05,
                                    "count": 2,
                                    "self": 1.9100001736660488e-05
                                }
                            }
                        }
                    }
                },
                "trainer_threads": {
                    "total": 2.6899999284069054e-05,
                    "count": 1,
                    "self": 2.6899999284069054e-05,
                    "children": {
                        "thread_root": {
                            "total": 0.0,
                            "count": 0,
                            "is_parallel": true,
                            "self": 0.0,
                            "children": {
                                "trainer_advance": {
                                    "total": 177.46621670007153,
                                    "count": 11430,
                                    "is_parallel": true,
                                    "self": 0.707624700069573,
                                    "children": {
                                        "process_trajectory": {
                                            "total": 176.75859200000195,
                                            "count": 11430,
                                            "is_parallel": true,
                                            "self": 176.75859200000195
                                        }
                                    }
                                }
                            }
                        }
                    }
                },
                "TrainerController._save_models": {
                    "total": 0.41304139999920153,
                    "count": 1,
                    "self": 0.014707399997860193,
                    "children": {
                        "RLTrainer._checkpoint": {
                            "total": 0.39833400000134134,
                            "count": 1,
                            "self": 0.39833400000134134
                        }
                    }
                }
            }
        }
    }
}