{
    "name": "root",
    "metadata": {
        "timer_format_version": "0.1.0",
        "start_time_seconds": "1763991204",
        "python_version": "3.10.12 | packaged by Anaconda, Inc. | (main, Jul  5 2023, 19:01:18) [MSC v.1916 64 bit (AMD64)]",
        "command_line_arguments": "D:\\conda_envs\\mlagents_4\\Scripts\\mlagents-learn trainer_config.yaml --run-id=PPUV_YOLOv8_Train4 --results-dir=results",
        "mlagents_version": "1.2.0.dev0",
        "mlagents_envs_version": "1.2.0.dev0",
        "communication_protocol_version": "1.5.0",
        "pytorch_version": "2.8.0+cpu",
        "numpy_version": "1.23.5",
        "end_time_seconds": "1763991226"
    },
    "total": 21.771371799997723,
    "count": 1,
    "self": 0.01005299999815179,
    "children": {
        "run_training.setup": {
            "total": 0.07107099999848288,
            "count": 1,
            "self": 0.07107099999848288
        },
        "TrainerController.start_learning": {
            "total": 21.69024780000109,
            "count": 1,
            "self": 0.010414200001832796,
            "children": {
                "TrainerController._reset_env": {
                    "total": 10.105138400002033,
                    "count": 1,
                    "self": 10.105138400002033
                },
                "TrainerController.advance": {
                    "total": 11.369254699999146,
                    "count": 1,
                    "self": 2.5099998310906813e-05,
                    "children": {
                        "env_step": {
                            "total": 11.369229600000835,
                            "count": 1,
                            "self": 11.369222200002696,
                            "children": {
                                "SubprocessEnvManager._take_step": {
                                    "total": 7.399998139590025e-06,
                                    "count": 1,
                                    "self": 7.399998139590025e-06
                                }
                            }
                        }
                    }
                },
                "trainer_threads": {
                    "total": 1.809999957913533e-05,
                    "count": 1,
                    "self": 1.809999957913533e-05,
                    "children": {
                        "thread_root": {
                            "total": 0.0,
                            "count": 0,
                            "is_parallel": true,
                            "self": 0.0,
                            "children": {
                                "trainer_advance": {
                                    "total": 11.360490599970944,
                                    "count": 731,
                                    "is_parallel": true,
                                    "self": 0.0393398000196612,
                                    "children": {
                                        "process_trajectory": {
                                            "total": 11.321150799951283,
                                            "count": 731,
                                            "is_parallel": true,
                                            "self": 11.321150799951283
                                        }
                                    }
                                }
                            }
                        }
                    }
                },
                "TrainerController._save_models": {
                    "total": 0.20542239999849699,
                    "count": 1,
                    "self": 0.020714499998575775,
                    "children": {
                        "RLTrainer._checkpoint": {
                            "total": 0.1847078999999212,
                            "count": 1,
                            "self": 0.1847078999999212
                        }
                    }
                }
            }
        }
    }
}